episode_scores,episode_durations,max_waves,avg_rewards,total_rewards,epsilon_values,loss_values,q_values,enemies_destroyed,generation_number
0,54.48079037666321,1,-0.29822441750336753,-5891.652378884984,0.08335712362110555,0.0033909492194652557,3.8032572269439697,0,0
0,63.454216957092285,1,-0.3850693646098299,-13562.94839408421,0.04999916370086185,0.017555221915245056,3.8032572269439697,0,0
0,62.55809688568115,1,-0.6760896746411872,-27019.10657591913,0.04999916370086185,0.005469998344779015,3.8032572269439697,0,0
0,30.804372310638428,1,-1.470651184908773,-41905.65446768215,0.04999916370086185,0.005469998344779015,3.8032572269439697,0,0
0,63.65780186653137,1,-0.4772272206957133,-51380.75600899173,0.04999916370086185,0.005469998344779015,3.8032572269439697,0,0
0,62.720123291015625,1,-0.32663463481263205,-57789.93459074349,0.04999916370086185,0.005469998344779015,3.8032572269439697,0,0
0,3.8709371089935303,1,-1.1700516256611884,-59290.20237827918,0.04999916370086185,0.005469998344779015,3.8032572269439697,0,0
0,60.49301052093506,1,0.04292107734157857,-57941.504695544354,0.04999916370086185,0.005469998344779015,3.8032572269439697,0,0
0,22.613933801651,1,0.06009002533010779,-57321.457521836644,0.04999916370086185,0.005469998344779015,3.8032572269439697,0,0
0,60.660560846328735,1,0.050517002116569856,-55785.153024194085,0.04999916370086185,0.005469998344779015,3.8032572269439697,0,0
0,60.323978662490845,1,0.04654674857244014,-54466.09980345802,0.04999916370086185,0.005469998344779015,3.8032572269439697,0,0
0,7.504019021987915,1,0.05175178711564403,-54276.80847915162,0.04999916370086185,0.005469998344779015,3.8032572269439697,0,0
0,61.94762682914734,1,0.025944559108882537,-53692.58317662296,0.04999916370086185,0.005469998344779015,3.8032572269439697,0,0
0,60.36481761932373,1,0.005932514750785186,-53343.27982707139,0.04999916370086185,0.005469998344779015,3.8032572269439697,0,0
0,51.19263982772827,1,-0.7315014322552831,-65455.36421530864,0.04999916370086185,0.005469998344779015,3.8032572269439697,0,0
0,60.19600009918213,1,-0.08116617223790772,-66535.79493555003,0.04999916370086185,0.005469998344779015,3.8032572269439697,0,0
0,4.394436836242676,1,0.1307084213655192,-66299.59749591585,0.04999916370086185,0.005469998344779015,3.8032572269439697,0,0
0,60.548702001571655,1,-0.018118781143405253,-66080.7793577438,0.04999916370086185,0.005469998344779015,3.8032572269439697,0,0
0,52.9767484664917,1,0.017437578175378735,-65274.49147815718,0.04999916370086185,0.005469998344779015,3.8032572269439697,0,0
0,60.413103342056274,1,0.057515677362118274,-63636.49879150738,0.04999916370086185,0.005469998344779015,3.8032572269439697,0,0
0,46.33836388587952,1,0.04028412015988499,-62616.81354267437,0.04999916370086185,0.005469998344779015,3.8032572269439697,0,0
0,60.47544264793396,1,0.0712363566683083,-60661.64128150816,0.04999916370086185,0.005469998344779015,3.8032572269439697,0,0
0,60.458431005477905,1,-0.03132571468232502,-60827.58451071481,0.04999916370086185,0.005469998344779015,3.8032572269439697,0,0
0,34.44609022140503,1,-0.011347145555354564,-60942.1462890242,0.04999916370086185,0.005469998344779015,3.8032572269439697,0,0
0,60.880650758743286,1,0.02128012545986726,-60071.10591332002,0.04999916370086185,0.005469998344779015,3.8032572269439697,0,0
0,14.195914268493652,1,0.040888970503625104,-59799.062641995966,0.04999916370086185,0.005469998344779015,3.8032572269439697,0,0
0,61.84846615791321,1,-0.3447438419552321,-66504.32589027497,0.04999916370086185,0.005469998344779015,3.8032572269439697,0,0
0,62.36064386367798,1,-0.6284353727231915,-79048.81117577173,0.04999916370086185,0.005469998344779015,3.8032572269439697,0,0
0,11.194932699203491,1,-0.5528270464134084,-81025.33678017171,0.04999916370086185,0.005469998344779015,3.8032572269439697,0,0
0,63.07323503494263,1,-0.29416557221419976,-86864.45971883887,0.04999916370086185,0.005469998344779015,3.8032572269439697,0,0
0,62.70085263252258,1,-0.2516772725676982,-91777.84046249023,0.04999916370086185,0.005469998344779015,3.8032572269439697,0,0
0,23.686692476272583,1,-0.13017570199188694,-92544.56372906454,0.04999916370086185,0.005469998344779015,3.8032572269439697,0,0
0,60.41845655441284,1,0.07773396260433575,-90463.74140449506,0.04999916370086185,0.005469998344779015,3.8032572269439697,0,0
0,8.368104219436646,1,0.035532780237922994,-90292.53699555983,0.04999916370086185,0.005469998344779015,3.8032572269439697,0,0
0,60.75465941429138,1,0.0902857667779518,-88022.40978848156,0.04999916370086185,0.005469998344779015,3.8032572269439697,0,0
0,26.606668710708618,1,-0.008916468113907011,-87975.01846894865,0.04999916370086185,0.005469998344779015,3.8032572269439697,0,0
0,60.73139429092407,1,0.04911997462669228,-86471.25741211335,0.04999916370086185,0.005469998344779015,3.8032572269439697,0,0
0,23.649289846420288,1,0.07051888584509053,-85901.58220827712,0.04999916370086185,0.005469998344779015,3.8032572269439697,0,0
0,61.22656035423279,1,0.003593895249924061,-85266.81001500529,0.04999916370086185,0.005469998344779015,3.8032572269439697,0,0
0,34.042147397994995,1,0.09133174786092212,-83936.67744626974,0.04999916370086185,0.005469998344779015,3.8032572269439697,0,0
0,61.12690186500549,1,-0.03847204214702697,-84337.2332396038,0.04999916370086185,0.005469998344779015,3.8032572269439697,0,0
0,60.47433567047119,1,-0.0104622941166136,-84157.16418760622,0.04999916370086185,0.005469998344779015,3.8032572269439697,0,0
0,1.4991233348846436,1,-0.3223003318408057,-84308.75349760293,0.04999916370086185,0.005469998344779015,3.8032572269439697,0,0
0,61.044536113739014,1,0.0453082648820535,-83031.92513759685,0.04999916370086185,0.005469998344779015,3.8032572269439697,0,0
0,46.56717658042908,1,0.008919596241129119,-82580.52181117906,0.04999916370086185,0.005469998344779015,3.8032572269439697,0,0
0,60.866135597229004,1,-0.10226274845591644,-84227.40986180234,0.04999916370086185,0.005469998344779015,3.8032572269439697,0,0
0,44.9607195854187,1,-0.1583922661713191,-86294.80783728698,0.04999916370086185,0.005469998344779015,3.8032572269439697,0,0
0,61.0603129863739,1,0.0030689294063833616,-86006.33871269926,0.04999916370086185,0.005469998344779015,3.8032572269439697,0,0
0,30.154036283493042,1,0.012715608041825642,-85753.01292420739,0.04999916370086185,0.005469998344779015,3.8032572269439697,0,0
0,60.98628234863281,1,0.06745646580852017,-83982.52327027949,0.04999916370086185,0.005469998344779015,3.8032572269439697,0,0
0,45.970341205596924,1,-0.28874805279901894,-88130.30382025112,0.04999916370086185,0.005469998344779015,3.8032572269439697,0,0
0,60.66315722465515,1,0.07035599613361371,-86241.44426357004,0.04999916370086185,0.005469998344779015,3.8032572269439697,0,0
0,42.81502604484558,1,-0.6257898905809981,-94629.50360850044,0.04999916370086185,0.005469998344779015,3.8032572269439697,0,0
0,60.807897329330444,1,0.07483472409132509,-92643.45207589638,0.04999916370086185,0.005469998344779015,3.8032572269439697,0,0
0,48.694575786590576,1,0.008624856269428377,-92311.36523836476,0.04999916370086185,0.005469998344779015,3.8032572269439697,0,0
0,60.841864824295044,1,0.046398022389757536,-90906.87398774987,0.04999916370086185,0.005469998344779015,3.8032572269439697,0,0
0,61.588698387145996,1,-0.3780550845086775,-98339.63155336297,0.04999916370086185,0.005469998344779015,3.8032572269439697,0,0
0,12.40369462966919,1,-0.721326523249471,-101162.34806108911,0.04999916370086185,0.005469998344779015,3.8032572269439697,0,0
0,60.89407181739807,1,0.06683371011835391,-99478.12585824814,0.04999916370086185,0.005469998344779015,3.8032572269439697,0,0
0,40.59485960006714,1,-0.059407852784564466,-100086.20521840002,0.04999916370086185,0.005469998344779015,3.8032572269439697,0,0
0,60.715737104415894,1,0.0332021307889537,-99038.6710266421,0.04999916370086185,0.005469998344779015,3.8032572269439697,0,0
0,60.69971561431885,1,-0.014843203245088858,-98937.37487244222,0.04999916370086185,0.005469998344779015,3.8032572269439697,0,0
0,3.787269115447998,1,-0.9751971701265952,-100129.06581433807,0.04999916370086185,0.005469998344779015,3.8032572269439697,0,0
0,60.822065353393555,1,0.03972689893315861,-98999.91573906619,0.04999916370086185,0.005469998344779015,3.8032572269439697,0,0
0,37.662442445755005,1,-0.1463947253281404,-100617.63593715477,0.04999916370086185,0.005469998344779015,3.8032572269439697,0,0
0,60.609596967697144,1,0.05408532368985012,-99204.29979318833,0.04999916370086185,0.005469998344779015,3.8032572269439697,0,0
0,42.01677441596985,1,-0.2546780553947639,-102682.98939357398,0.04999916370086185,0.005469998344779015,3.8032572269439697,0,0
0,61.21397519111633,1,-0.071788726835796,-103716.2106861184,0.04999916370086185,0.005469998344779015,3.8032572269439697,0,0
0,61.55146098136902,1,0.03165639979158674,-102676.56119159021,0.04999916370086185,0.005469998344779015,3.8032572269439697,0,0
0,11.019503593444824,1,0.058054187475666895,-102347.47903425583,0.04999916370086185,0.005469998344779015,3.8032572269439697,0,0
0,64.83071184158325,1,-0.7281384815333256,-116867.11425552896,0.04999916370086185,0.005469998344779015,3.8032572269439697,0,0
0,64.92248821258545,1,-0.7646277971200893,-132128.13192460683,0.04999916370086185,0.005469998344779015,3.8032572269439697,0,0
0,64.49498963356018,1,-0.7461367306939004,-147020.12728984954,0.04999916370086185,0.005469998344779015,3.8032572269439697,0,0
0,64.5175576210022,1,-0.6413165684984229,-159817.16173125303,0.04999916370086185,0.005469998344779015,3.8032572269439697,0,0
0,63.96735763549805,1,-0.9898023913879306,-179585.83221860076,0.04999916370086185,0.005469998344779015,3.8032572269439697,0,0
0,64.10521721839905,1,-0.7684050916946438,-194923.55376132135,0.04999916370086185,0.005469998344779015,3.8032572269439697,0,0
0,64.22272729873657,1,-0.5546691015551997,-205923.04718019572,0.04999916370086185,0.005469998344779015,3.8032572269439697,0,0
0,38.413172245025635,1,-0.24306711495159766,-208818.4284160311,0.04999916370086185,0.005469998344779015,3.8032572269439697,0,0
0,62.387309551239014,1,-0.16354292425883224,-211747.94958809737,0.04999916370086185,0.005469998344779015,3.8032572269439697,0,0
0,21.658126831054688,1,-0.1320274348850312,-212539.18959655863,0.04999916370086185,0.005469998344779015,3.8032572269439697,0,0
0,62.604933977127075,1,-0.2346762673642613,-217159.01958538938,0.04999916370086185,0.005469998344779015,3.8032572269439697,0,0
0,45.877546548843384,1,-0.33950739580654526,-222180.0877063207,0.04999916370086185,0.005469998344779015,3.8032572269439697,0,0
0,60.40634059906006,1,-0.1792002387377909,-225570.3343175213,0.04999916370086185,0.005469998344779015,3.8032572269439697,0,0
0,39.76016902923584,1,-0.7212002479175563,-234548.8856051709,0.04999916370086185,0.005469998344779015,3.8032572269439697,0,0
0,60.953927993774414,1,0.004021808319499567,-233997.12158901506,0.04999916370086185,0.005469998344779015,3.8032572269439697,0,0
0,44.519195318222046,1,-0.18990565336309,-236507.9959849754,0.04999916370086185,0.005469998344779015,3.8032572269439697,0,0
0,60.768869400024414,1,0.009740969881138317,-236089.6970936525,0.04999916370086185,0.005469998344779015,3.8032572269439697,0,0
0,62.226842164993286,1,-0.9905664903881641,-255854.389755966,0.04999916370086185,0.005469998344779015,3.8032572269439697,0,0
0,15.82398772239685,1,-0.8002133129956861,-259898.1800417645,0.04999916370086185,0.005469998344779015,3.8032572269439697,0,0
0,61.386279821395874,1,0.018935932968189847,-259006.1200142957,0.04999916370086185,0.005469998344779015,3.8032572269439697,0,0
0,36.96718883514404,1,-0.2880596789013742,-262406.6838027276,0.04999916370086185,0.005469998344779015,3.8032572269439697,0,0
0,60.96408987045288,1,-0.027459323087461074,-262641.3054096819,0.04999916370086185,0.005469998344779015,3.8032572269439697,0,0
0,23.526347398757935,1,-0.1597318350598083,-263768.0810157013,0.04999916370086185,0.005469998344779015,3.8032572269439697,0,0
0,60.4531033039093,1,-0.0026539848107863307,-263522.49115930125,0.04999916370086185,0.005469998344779015,3.8032572269439697,0,0
0,47.71644330024719,1,-0.22439592870651856,-266741.9315053253,0.04999916370086185,0.005469998344779015,3.8032572269439697,0,0
0,60.455533504486084,1,-0.021445668250873375,-266883.985741913,0.04999916370086185,0.005469998344779015,3.8032572269439697,0,0
0,48.88092875480652,1,-0.03499793647583291,-267099.548437157,0.04999916370086185,0.005469998344779015,3.8032572269439697,0,0
0,63.65594935417175,1,-0.5941590236126519,-278887.9880687685,0.04999916370086185,0.005469998344779015,3.8032572269439697,0,0
0,61.23434782028198,1,-0.084197043818944,-280197.80789600255,0.04999916370086185,0.005469998344779015,3.8032572269439697,0,0
0,24.457615852355957,1,-0.06742379756225982,-280601.48255346983,0.04999916370086185,0.005469998344779015,3.8032572269439697,0,0
0,61.80105996131897,1,-1.0674442444633556,-301923.153367796,0.04999916370086185,0.005469998344779015,3.8032572269439697,0,0
0,61.96575880050659,1,-0.9132914681324035,-320160.23915254726,0.04999916370086185,0.005469998344779015,3.8032572269439697,0,0
0,62.226134061813354,1,-0.6668442313650448,-333353.43405285286,0.04999916370086185,0.005469998344779015,3.8032572269439697,0,0
0,61.53338599205017,1,-0.19350842647575214,-337061.77782218775,0.04999916370086185,0.005469998344779015,3.8032572269439697,0,0
0,26.650810956954956,1,-0.509816769245538,-341425.3908980741,0.04999916370086185,0.005469998344779015,3.8032572269439697,0,0
0,61.27409625053406,1,0.05008401242384422,-339832.87804242707,0.04999916370086185,0.005469998344779015,3.8032572269439697,0,0
0,61.55957889556885,1,-0.08966797192987691,-341297.0099310474,0.04999916370086185,0.005469998344779015,3.8032572269439697,0,0
0,4.781351089477539,1,-0.4164692717055919,-341930.1576833864,0.04999916370086185,0.005469998344779015,3.8032572269439697,0,0
0,63.357704162597656,1,-1.0205286693701436,-362266.8873029917,0.04999916370086185,0.005469998344779015,3.8032572269439697,0,0
0,63.403918504714966,1,-0.574205525508588,-373710.47603067954,0.04999916370086185,0.005469998344779015,3.8032572269439697,0,0
0,61.990655183792114,1,-0.11746855923829333,-375754.07175580726,0.04999916370086185,0.005469998344779015,3.8032572269439697,0,0
0,44.47526812553406,1,0.00918954222697272,-375553.09800760733,0.04999916370086185,0.005469998344779015,3.8032572269439697,0,0
0,60.98772573471069,1,0.036217164967569854,-374532.3813209493,0.04999916370086185,0.005469998344779015,3.8032572269439697,0,0
0,61.47659158706665,1,-0.28471396807513083,-380092.3281577756,0.04999916370086185,0.005469998344779015,3.8032572269439697,0,0
0,7.92717432975769,1,-0.6220908840675056,-381693.9699561013,0.04999916370086185,0.005469998344779015,3.8032572269439697,0,0
0,61.38695549964905,1,-0.05175973867640403,-382334.8790170803,0.04999916370086185,0.005469998344779015,3.8032572269439697,0,0
0,49.44468545913696,1,-0.0065977809579328755,-382253.0959964904,0.04999916370086185,0.005469998344779015,3.8032572269439697,0,0
0,63.92606806755066,1,-0.38148487012070925,-389769.0579565121,0.04999916370086185,0.005469998344779015,3.8032572269439697,0,0
0,61.283918142318726,1,-0.004589314685580031,-389383.0193669109,0.04999916370086185,0.005469998344779015,3.8032572269439697,0,0
0,62.172178983688354,1,-0.2800159051195713,-394870.51367460995,0.04999916370086185,0.005469998344779015,3.8032572269439697,0,0
0,61.52303338050842,1,0.0011463967482957024,-394542.78505288064,0.04999916370086185,0.005469998344779015,3.8032572269439697,0,0
0,60.54074692726135,1,0.015155416347428823,-393927.04324434465,0.04999916370086185,0.005469998344779015,3.8032572269439697,0,0
0,11.228658676147461,1,-0.16979734333347785,-394539.1301613349,0.04999916370086185,0.005469998344779015,3.8032572269439697,0,0
0,60.81566095352173,1,-0.035329903324045835,-394953.90300879313,0.04999916370086185,0.005469998344779015,3.8032572269439697,0,0
0,60.86944651603699,1,-1.0155277346420353,-414331.19263937866,0.04999916370086185,0.005469998344779015,3.8032572269439697,0,0
0,50.09857940673828,1,-0.047001073572955625,-414777.74837631936,0.04999916370086185,0.005469998344779015,3.8032572269439697,0,0
0,61.03387379646301,1,0.08191516335616542,-412798.9821110204,0.04999916370086185,0.005469998344779015,3.8032572269439697,0,0
0,43.73161816596985,1,0.06360248193155657,-411613.047271643,0.04999916370086185,0.005469998344779015,3.8032572269439697,0,0
0,61.17925429344177,1,0.07598187670834805,-409790.18070843036,0.04999916370086185,0.005469998344779015,3.8032572269439697,0,0
0,16.814741373062134,1,-0.05819347928606871,-410027.5775138074,0.04999916370086185,0.005469998344779015,3.8032572269439697,0,0
0,61.26612901687622,1,-0.0011813528399524894,-409724.241564046,0.04999916370086185,0.005469998344779015,3.8032572269439697,0,0
0,25.2558171749115,1,-0.08023207459927838,-410339.94189273746,0.04999916370086185,0.005469998344779015,3.8032572269439697,0,0
0,61.13683271408081,1,-0.09430367697722952,-411818.5037848997,0.04999916370086185,0.005469998344779015,3.8032572269439697,0,0
0,50.62474799156189,1,0.035414863132674425,-410991.0845303785,0.04999916370086185,0.005469998344779015,3.8032572269439697,0,0
0,60.893576860427856,1,0.03585014390460571,-409886.7275770232,0.04999916370086185,0.005469998344779015,3.8032572269439697,0,0
0,46.384641885757446,1,-0.010209933344337216,-409727.5127760231,0.04999916370086185,0.005469998344779015,3.8032572269439697,0,0
0,61.64080238342285,1,-0.1643542456129169,-412858.8834478264,0.04999916370086185,0.005469998344779015,3.8032572269439697,0,0
0,53.5762038230896,1,-0.2519923130372228,-416937.5737781148,0.04999916370086185,0.005469998344779015,3.8032572269439697,0,0
0,64.42020416259766,1,-0.9339140474885842,-435535.39111145167,0.04999916370086185,0.005469998344779015,3.8032572269439697,0,0
0,65.31643199920654,1,-0.9102359085986782,-453698.99649647664,0.04999916370086185,0.005469998344779015,3.8032572269439697,0,0
0,63.7153046131134,1,-0.8599688702741021,-470869.3490147301,0.04999916370086185,0.005469998344779015,3.8032572269439697,0,0
0,63.62485671043396,1,-0.9491179329220728,-489808.63842060254,0.04999916370086185,0.005469998344779015,3.8032572269439697,0,0
0,64.21288394927979,1,-0.6528682185335956,-502828.55917967804,0.04999916370086185,0.005469998344779015,3.8032572269439697,0,0
0,63.78738808631897,1,-0.4617660319896696,-512028.5088280532,0.04999916370086185,0.005469998344779015,3.8032572269439697,0,0
0,46.802690505981445,1,-0.39201763055823574,-517799.8438677251,0.04999916370086185,0.005469998344779015,3.8032572269439697,0,0
0,60.99360775947571,1,0.027625944378873203,-516874.1864716549,0.04999916370086185,0.005469998344779015,3.8032572269439697,0,0
0,60.77071404457092,1,0.06042339872437552,-515186.2107495215,0.04999916370086185,0.005469998344779015,3.8032572269439697,0,0
0,7.295088768005371,1,0.016064257608658344,-515082.40172799234,0.04999916370086185,0.005469998344779015,3.8032572269439697,0,0
0,61.03336501121521,1,-1.3835443911889778,-542703.6831412823,0.04999916370086185,0.005469998344779015,3.8032572269439697,0,0
0,44.86351680755615,1,-0.9393307227152211,-556454.5974718423,0.04999916370086185,0.005469998344779015,3.8032572269439697,0,0
0,61.14933800697327,1,-1.444360352336304,-585319.5284526323,0.04999916370086185,0.005469998344779015,3.8032572269439697,0,0
0,61.305179595947266,1,-0.6771089664473668,-598809.2922571282,0.04999916370086185,0.005469998344779015,3.8032572269439697,0,0
0,8.784963607788086,1,-0.7914798890907999,-601091.9275821901,0.04999916370086185,0.005469998344779015,3.8032572269439697,0,0
0,61.62579369544983,1,-0.36754146739670035,-608279.324419328,0.04999916370086185,0.005469998344779015,3.8032572269439697,0,0
0,62.82007718086243,1,-0.7778401641279754,-623809.2015704567,0.04999916370086185,0.005469998344779015,3.8032572269439697,0,0
0,61.94743227958679,1,-0.6081089725313027,-635796.493794837,0.04999916370086185,0.005469998344779015,3.8032572269439697,0,0
0,63.20006346702576,1,-0.389695273112868,-643413.6300236697,0.04999916370086185,0.005469998344779015,3.8032572269439697,0,0
0,61.125929832458496,1,-0.26256959897741583,-648378.884868827,0.04999916370086185,0.005469998344779015,3.8032572269439697,0,0
0,1.2735512256622314,1,-0.8119885279437594,-648730.4678738655,0.04999916370086185,0.005469998344779015,3.8032572269439697,0,0
0,61.26020002365112,1,-0.14611228085827935,-651443.5137479317,0.04999916370086185,0.005469998344779015,3.8032572269439697,0,0
0,64.44391131401062,1,-0.6392744952595614,-664147.9978853456,0.04999916370086185,0.005469998344779015,3.8032572269439697,0,0
0,12.540427446365356,1,0.06287522112133914,-663819.5434387584,0.04999916370086185,0.005469998344779015,3.8032572269439697,0,0
0,61.92428183555603,1,-0.3344949663741649,-670243.2019610769,0.04999916370086185,0.005469998344779015,3.8032572269439697,0,0
0,64.68881034851074,1,-0.6233230667673316,-682678.6327563226,0.04999916370086185,0.005469998344779015,3.8032572269439697,0,0
0,64.52126145362854,1,-0.5613323395583778,-693866.2687471218,0.04999916370086185,0.005469998344779015,3.8032572269439697,0,0
0,41.3544864654541,1,-0.2012847133612709,-696360.0683673606,0.04999916370086185,0.005469998344779015,3.8032572269439697,0,0
0,61.03434228897095,1,-0.264472980916912,-701345.9260717623,0.04999916370086185,0.005469998344779015,3.8032572269439697,0,0
0,47.65322947502136,1,-0.48217045429743816,-708618.695080199,0.04999916370086185,0.005469998344779015,3.8032572269439697,0,0
0,60.93874788284302,1,-0.07100537244692495,-709678.1581732181,0.04999916370086185,0.005469998344779015,3.8032572269439697,0,0
0,48.1681182384491,1,-0.2700248726174124,-713769.3454126713,0.04999916370086185,0.005469998344779015,3.8032572269439697,0,0
0,61.11911654472351,1,-0.3613502635572574,-720815.2077040449,0.04999916370086185,0.005469998344779015,3.8032572269439697,0,0
0,58.17036557197571,1,-0.40800916959204414,-728178.209938064,0.04999916370086185,0.005469998344779015,3.8032572269439697,0,0
0,61.04009532928467,1,-0.05408473075862738,-729096.2579268266,0.04999916370086185,0.005469998344779015,3.8032572269439697,0,0
0,24.968881368637085,1,0.0871217390756953,-728237.190347599,0.04999916370086185,0.005469998344779015,3.8032572269439697,0,0
0,61.265373945236206,1,-0.009759391877279712,-728030.8336409528,0.04999916370086185,0.005469998344779015,3.8032572269439697,0,0
0,27.791055917739868,1,-0.3071186056598053,-730619.5927255395,0.04999916370086185,0.005469998344779015,3.8032572269439697,0,0
0,61.3876576423645,1,-0.1823640335672658,-734017.8933107504,0.04999916370086185,0.005469998344779015,3.8032572269439697,0,0
0,63.10104441642761,1,-0.9044854394204099,-752020.1523828713,0.04999916370086185,0.005469998344779015,3.8032572269439697,0,0
0,63.44817638397217,1,-1.3778829689063317,-779546.5796478662,0.04999916370086185,0.005469998344779015,3.8032572269439697,0,0
0,16.441230535507202,1,-1.3995371380063233,-786729.2604501527,0.04999916370086185,0.005469998344779015,3.8032572269439697,0,0
0,62.84897470474243,1,-0.4336066375297889,-795248.1327566822,0.04999916370086185,0.005469998344779015,3.8032572269439697,0,0
0,63.856959104537964,1,-0.67644158173576,-808753.7655332225,0.04999916370086185,0.005469998344779015,3.8032572269439697,0,0
0,62.817649126052856,1,-0.3101866857165787,-814712.1187614744,0.04999916370086185,0.005469998344779015,3.8032572269439697,0,0
0,53.11597037315369,1,-0.01734039752861218,-814536.8816267091,0.04999916370086185,0.005469998344779015,3.8032572269439697,0,0
0,63.835498094558716,1,-1.353675034655077,-841560.0530731571,0.04999916370086185,0.005469998344779015,3.8032572269439697,0,0
0,62.931382179260254,1,-1.3792834895612227,-869126.1768557158,0.04999916370086185,0.005469998344779015,3.8032572269439697,0,0
0,62.57853841781616,1,-1.3756601678249216,-896618.0962769479,0.04999916370086185,0.005469998344779015,3.8032572269439697,0,0
0,61.57393002510071,1,-1.2362071821636333,-921303.621515186,0.04999916370086185,0.005469998344779015,3.8032572269439697,0,0
0,16.688363075256348,1,-0.9637764702486996,-926422.6289321567,0.04999916370086185,0.005469998344779015,3.8032572269439697,0,0
0,61.53316330909729,1,0.037007878103168704,-925357.3273734102,0.04999916370086185,0.005469998344779015,3.8032572269439697,0,0
0,61.21050262451172,1,0.04217114397540943,-924250.7726116434,0.04999916370086185,0.005469998344779015,3.8032572269439697,0,0
0,14.35984992980957,1,0.029113929701987715,-923969.9900690875,0.04999916370086185,0.005469998344779015,3.8032572269439697,0,0
0,61.110586404800415,1,-0.32026193052117274,-929987.2328264932,0.04999916370086185,0.005469998344779015,3.8032572269439697,0,0
0,16.35572576522827,1,-0.5889289693562435,-932953.2400260381,0.04999916370086185,0.005469998344779015,3.8032572269439697,0,0
0,60.96699261665344,1,-0.023215684117088596,-933100.4970669681,0.04999916370086185,0.005469998344779015,3.8032572269439697,0,0
0,42.801987648010254,1,-0.5783549301978523,-941091.8673108208,0.04999916370086185,0.005469998344779015,3.8032572269439697,0,0
0,63.304155349731445,1,-0.27204506667242456,-946137.9910251304,0.04999916370086185,0.005469998344779015,3.8032572269439697,0,0
0,39.95675349235535,1,-0.8560373601884076,-956671.8763877245,0.04999916370086185,0.005469998344779015,3.8032572269439697,0,0
0,62.025662899017334,1,-0.29760770781489393,-962407.7676942635,0.04999916370086185,0.005469998344779015,3.8032572269439697,0,0
0,35.07516264915466,1,-1.0872831081210133,-974743.0683725213,0.04999916370086185,0.005469998344779015,3.8032572269439697,0,0
700,12.007943868637085,1,-0.03193188086413308,-974799.997924005,0.04999916370086185,0.005469998344779015,3.8032572269439697,0,0
200,7.380527973175049,1,-0.7726757366627564,-976557.3014622229,0.04999916370086185,0.005469998344779015,3.8032572269439697,0,0
600,16.86522340774536,1,-0.48336200087727327,-978936.1699549019,0.04999916370086185,0.005469998344779015,3.8032572269439697,0,0
300,28.11807918548584,1,-0.06797863981268347,-979377.7094484163,0.04999916370086185,0.005469998344779015,3.8032572269439697,0,0
200,10.569538354873657,1,-0.09181045278022516,-979610.6910519319,0.04999916370086185,0.005469998344779015,3.8032572269439697,0,0
0,4.3884172439575195,1,-0.1793731069540752,-979826.1515510802,0.04999916370086185,0.005469998344779015,3.8032572269439697,0,0
300,17.472419500350952,1,-0.09834479286658687,-980198.7863747156,0.04999916370086185,0.005469998344779015,3.8032572269439697,0,0
0,12.829344511032104,1,-0.13462879297840674,-980584.5915841445,0.04999916370086185,0.005469998344779015,3.8032572269439697,0,0
0,8.28946566581726,1,-0.028004509265981466,-980551.9791745049,0.04999916370086185,0.005469998344779015,3.8032572269439697,0,0
0,15.159138917922974,1,-0.06827067982140836,-980729.472402168,0.04999916370086185,0.005469998344779015,3.8032572269439697,0,0
300,11.441006183624268,1,-0.5518579362670174,-982591.5500808419,0.04999916370086185,0.005469998344779015,3.8032572269439697,0,0
400,10.734965085983276,1,-0.043146432269680936,-982605.654744426,0.04999916370086185,0.005469998344779015,3.8032572269439697,0,0
200,17.07589626312256,1,-0.28220582502511943,-983921.1277046483,0.04999916370086185,0.005469998344779015,3.8032572269439697,0,0
0,7.18325662612915,1,-0.03931729807658677,-983933.7092845433,0.04999916370086185,0.005469998344779015,3.8032572269439697,0,0
300,13.32447862625122,1,-0.19462607238782953,-984656.7445247994,0.04999916370086185,0.005469998344779015,3.8032572269439697,0,0
200,13.470908880233765,1,-0.05102280747706717,-984748.442229719,0.04999916370086185,0.005469998344779015,3.8032572269439697,0,0
400,11.096363306045532,1,-0.20138560641671327,-985333.2169258994,0.04999916370086185,0.005469998344779015,3.8032572269439697,0,0
200,16.723633766174316,1,-0.13847835117164942,-985872.5910392071,0.04999916370086185,0.005469998344779015,3.8032572269439697,0,0
200,9.868606328964233,1,-0.0547432084501825,-985922.5123427011,0.04999916370086185,0.005469998344779015,3.8032572269439697,0,0
700,23.851755142211914,1,-0.17095365126415557,-986827.4907674129,0.04999916370086185,0.005469998344779015,3.8032572269439697,0,0
300,13.773519515991211,1,-0.8624977760974437,-990437.0670883768,0.04999916370086185,0.005469998344779015,3.8032572269439697,0,0
300,11.177260160446167,1,-0.8590148839677035,-993345.688034641,0.04999916370086185,0.005469998344779015,3.8032572269439697,0,0
700,16.796563863754272,1,-0.957805322109075,-998322.2361063837,0.04999916370086185,0.005469998344779015,3.8032572269439697,0,0
400,17.141206741333008,1,-0.9970948143600082,-1003655.717853281,0.04999916370086185,0.005469998344779015,3.8032572269439697,0,0
600,17.118512630462646,1,-0.9595973265665951,-1008636.3186993416,0.04999916370086185,0.005469998344779015,3.8032572269439697,0,0
0,10.142008543014526,1,-0.8509174873410432,-1011278.2877163739,0.04999916370086185,0.005469998344779015,3.8032572269439697,0,0
0,9.845802545547485,1,-0.8400947267855545,-1013832.3473992771,0.04999916370086185,0.005469998344779015,3.8032572269439697,0,0
0,25.633734226226807,1,-0.9612875635015136,-1021276.0477024504,0.04999916370086185,0.005469998344779015,3.8032572269439697,0,0
0,19.415282487869263,1,-0.4657887285709093,-1023858.2425446007,0.04999916370086185,0.005469998344779015,3.8032572269439697,0,0
0,7.901050567626953,1,-0.6006938378114471,-1025249.2717422529,0.04999916370086185,0.005469998344779015,3.8032572269439697,0,0
0,22.32434892654419,1,-0.10293782503218916,-1025705.3382203528,0.04999916370086185,0.005469998344779015,3.8032572269439697,0,0
0,8.12566089630127,1,-0.4294852162301914,-1026723.9719964163,0.04999916370086185,0.005469998344779015,3.8032572269439697,0,0
100,8.900295734405518,1,-0.024173305503913355,-1026697.3121594496,0.04999916370086185,0.005469998344779015,3.8032572269439697,0,0
0,4.288413047790527,1,-0.03872563718140945,-1026720.3411700117,0.04999916370086185,0.005469998344779015,3.8032572269439697,0,0
100,7.805107116699219,1,-0.020915086562242557,-1026670.8988260442,0.04999916370086185,0.005469998344779015,3.8032572269439697,0,0
0,8.408507108688354,1,-0.026512573053949346,-1026674.3660739165,0.04999916370086185,0.005469998344779015,3.8032572269439697,0,0
0,11.115491151809692,1,-0.019326532187395197,-1026611.3439964154,0.04999916370086185,0.005469998344779015,3.8032572269439697,0,0
100,19.01039981842041,1,-0.06418216098973198,-1026787.4009506202,0.04999916370086185,0.005469998344779015,3.8032572269439697,0,0
100,13.48321270942688,1,-1.2840555865487526,-1032129.5486015393,0.04999916370086185,0.005469998344779015,3.8032572269439697,0,0
0,6.94355320930481,1,-0.020013698983717,-1032113.3372730535,0.04999916370086185,0.005469998344779015,3.8032572269439697,0,0
0,17.096160411834717,1,-0.05977345630949744,-1032224.4357760829,0.04999916370086185,0.005469998344779015,3.8032572269439697,0,0
300,20.876540184020996,1,-0.04748924060474766,-1032364.5786493447,0.04999916370086185,0.005469998344779015,3.8032572269439697,0,0
100,23.409118175506592,1,-0.042064649286932904,-1032512.4692545483,0.04999916370086185,0.005469998344779015,3.8032572269439697,0,0
300,15.981275081634521,1,-0.11124245856533103,-1032875.5812177446,0.04999916370086185,0.005469998344779015,3.8032572269439697,0,0
200,10.284753561019897,1,-0.04937445640057647,-1032928.0806150499,0.04999916370086185,0.005469998344779015,3.8032572269439697,0,0
100,20.092726707458496,1,-0.040945023979199635,-1032951.0173495313,0.04999916370086185,0.005469998344779015,3.8032572269439697,0,0
300,14.388336658477783,1,-0.11298691919804092,-1033259.6802485553,0.04999916370086185,0.005469998344779015,3.8032572269439697,0,0
0,4.016969203948975,1,-0.11085475461346124,-1033349.9455782397,0.04999916370086185,0.005469998344779015,3.8032572269439697,0,0
600,25.33433699607849,1,-0.21223964975092469,-1034732.3596071352,0.04999916370086185,0.005469998344779015,3.8032572269439697,0,0
400,17.299276113510132,1,-0.035884665251757666,-1034776.0208248169,0.04999916370086185,0.005469998344779015,3.8032572269439697,0,0
0,20.280258417129517,1,-0.4588040596783493,-1037515.0125752678,0.04999916370086185,0.005469998344779015,3.8032572269439697,0,0
300,17.61381244659424,1,-0.15367953724335806,-1038169.4272010712,0.04999916370086185,0.005469998344779015,3.8032572269439697,0,0
200,26.677162885665894,1,-0.20696208025002594,-1039588.4998963089,0.04999916370086185,0.005469998344779015,3.8032572269439697,0,0
200,10.058552265167236,1,-0.3113835026557224,-1040400.992983153,0.04999916370086185,0.005469998344779015,3.8032572269439697,0,0
200,4.353174209594727,1,-0.031212341972423306,-1040396.8533454263,0.04999916370086185,0.005469998344779015,3.8032572269439697,0,0
100,9.187079906463623,1,-0.03316298342541388,-1040386.5588238672,0.04999916370086185,0.005469998344779015,3.8032572269439697,0,0
300,18.1550874710083,1,-0.1086037679312183,-1040811.1223198511,0.04999916370086185,0.005469998344779015,3.8032572269439697,0,0
900,21.613616466522217,1,-0.029811996214554028,-1040661.9709230384,0.04999916370086185,0.005469998344779015,3.8032572269439697,0,0
200,20.612919569015503,1,-0.24070531078744903,-1041950.0860577674,0.04999916370086185,0.005469998344779015,3.8032572269439697,0,0
100,7.18332314491272,1,-0.033178747566328104,-1041896.6440622705,0.04999916370086185,0.005469998344779015,3.8032572269439697,0,0
100,17.45661687850952,1,-0.19530022911879244,-1042706.3832102614,0.04999916370086185,0.005469998344779015,3.8032572269439697,0,0
600,21.677250146865845,1,-1.0599551840531714,-1049696.4570786462,0.04999916370086185,0.005469998344779015,3.8032572269439697,0,0
100,7.690866231918335,1,-0.08057215166466455,-1049806.4004319145,0.04999916370086185,0.005469998344779015,3.8032572269439697,0,0
0,6.924012660980225,1,-0.10923136664910205,-1049945.1121228042,0.04999916370086185,0.005469998344779015,3.8032572269439697,0,0
200,13.227006673812866,1,-0.04848753459520693,-1049959.3344463657,0.04999916370086185,0.005469998344779015,3.8032572269439697,0,0
100,10.422553777694702,1,-0.0880698834767535,-1050123.9921099127,0.04999916370086185,0.005469998344779015,3.8032572269439697,0,0
200,26.553163528442383,1,-0.03576157931470788,-1050016.7740124017,0.04999916370086185,0.005469998344779015,3.8032572269439697,0,0
0,7.691256999969482,1,-0.04225393318474959,-1050000.7736472804,0.04999916370086185,0.005469998344779015,3.8032572269439697,0,0
100,10.392899990081787,1,-0.05866238631356429,-1050035.8676500348,0.04999916370086185,0.005469998344779015,3.8032572269439697,0,0
400,16.46430253982544,1,-0.024777939139629408,-1049910.5629665172,0.04999916370086185,0.005469998344779015,3.8032572269439697,0,0
0,2.674382209777832,1,-1.488212596815955,-1051132.7682628827,0.04999916370086185,0.005469998344779015,3.8032572269439697,0,0
200,13.31627869606018,1,-0.015524442368114729,-1051024.686387372,0.04999916370086185,0.005469998344779015,3.8032572269439697,0,0
100,7.534425735473633,1,-0.03219311859701903,-1051005.7176200256,0.04999916370086185,0.005469998344779015,3.8032572269439697,0,0
100,13.021644353866577,1,-0.03457606523918,-1050983.3597010295,0.04999916370086185,0.005469998344779015,3.8032572269439697,0,0
500,25.117036819458008,1,-0.02031344835280824,-1050734.118837391,0.04999916370086185,0.005469998344779015,3.8032572269439697,0,0
0,12.258232831954956,1,-0.0267654629920655,-1050666.4914288074,0.04999916370086185,0.005469998344779015,3.8032572269439697,0,0
200,26.129600048065186,1,-0.02019102160815951,-1050403.2319756432,0.04999916370086185,0.005469998344779015,3.8032572269439697,0,0
0,17.44880175590515,1,-0.4554867123342953,-1052671.9170974377,0.04999916370086185,0.005469998344779015,3.8032572269439697,0,0
100,13.87188196182251,1,-0.023461508260499028,-1052562.8464686298,0.04999916370086185,0.005469998344779015,3.8032572269439697,0,0
0,18.413724422454834,1,-0.0402349574951667,-1052526.457784514,0.04999916370086185,0.005469998344779015,3.8032572269439697,0,0
0,5.045734167098999,1,-1.5105648145803205,-1054932.981199748,0.04999916370086185,0.005469998344779015,3.8032572269439697,0,0
100,7.378853797912598,1,-0.05190356367229648,-1054945.0181192653,0.04999916370086185,0.005469998344779015,3.8032572269439697,0,0
300,7.572540044784546,1,-1.167111252095709,-1057687.2284467523,0.04999916370086185,0.005469998344779015,3.8032572269439697,0,0
500,19.59108281135559,1,-0.7258170568239891,-1061960.8481976066,0.04999916370086185,0.005469998344779015,3.8032572269439697,0,0
0,10.279609680175781,1,-0.02589267963717543,-1061866.6355794212,0.04999916370086185,0.005469998344779015,3.8032572269439697,0,0
200,13.738621234893799,1,-0.012614547813431064,-1061744.2936409945,0.04999916370086185,0.005469998344779015,3.8032572269439697,0,0
200,7.289538860321045,1,-0.026860364267129257,-1061718.384830546,0.04999916370086185,0.005469998344779015,3.8032572269439697,0,0
100,11.45259165763855,1,-0.024896705750976716,-1061643.927168551,0.04999916370086185,0.005469998344779015,3.8032572269439697,0,0
200,7.46167516708374,1,-0.021860662701784363,-1061596.238433321,0.04999916370086185,0.005469998344779015,3.8032572269439697,0,0
800,19.984580755233765,1,-0.01961895613192408,-1061490.9755276116,0.04999916370086185,0.005469998344779015,3.8032572269439697,0,0
300,3.704449415206909,1,-0.17859045123582462,-1061627.0099967027,0.04999916370086185,0.005469998344779015,3.8032572269439697,0,0
100,10.44481873512268,1,-0.042292673686581635,-1061639.6599130514,0.04999916370086185,0.005469998344779015,3.8032572269439697,0,0
0,10.168695449829102,1,-0.03647539316388844,-1061623.7244076845,0.04999916370086185,0.005469998344779015,3.8032572269439697,0,0
0,17.73546814918518,1,-0.09338307119852844,-1061876.3947809278,0.04999916370086185,0.005469998344779015,3.8032572269439697,0,0
0,9.716547012329102,1,-0.025806116472014348,-1061785.5801024057,0.04999916370086185,0.005469998344779015,3.8032572269439697,0,0
0,10.308619022369385,1,-0.022414694261852438,-1061707.6681944106,0.04999916370086185,0.005469998344779015,3.8032572269439697,0,0
0,20.045067310333252,1,-0.009323641694473717,-1061430.1569161601,0.04999916370086185,0.005469998344779015,3.8032572269439697,0,0
0,6.536193370819092,1,-0.02733875236995297,-1061387.3914356816,0.04999916370086185,0.005469998344779015,3.8032572269439697,0,0
300,6.8036253452301025,1,-0.03595852294112284,-1061357.7656170877,0.04999916370086185,0.005469998344779015,3.8032572269439697,0,0
100,19.919745683670044,1,-0.024917495366153865,-1061186.4069647654,0.04999916370086185,0.005469998344779015,3.8032572269439697,0,0
0,17.995115756988525,1,-1.431424818350961,-1069188.7042701086,0.04999916370086185,0.005469998344779015,3.8032572269439697,0,0
100,4.412768125534058,1,-0.05341264031935363,-1069163.8134116207,0.04999916370086185,0.005469998344779015,3.8032572269439697,0,0
0,13.200897693634033,1,-0.019003882370314456,-1069036.839138764,0.04999916370086185,0.005469998344779015,3.8032572269439697,0,0
0,8.463042497634888,1,-0.05166977532971701,-1069054.7085342575,0.04999916370086185,0.005469998344779015,3.8032572269439697,0,0
200,9.975097179412842,1,-0.05451427100626682,-1069076.698122239,0.04999916370086185,0.005469998344779015,3.8032572269439697,0,0
100,11.206636428833008,1,-0.019677784058790334,-1068972.894130398,0.04999916370086185,0.005469998344779015,3.8032572269439697,0,0
0,7.069070339202881,1,-0.03762374040278293,-1068924.4215670787,0.04999916370086185,0.005469998344779015,3.8032572269439697,0,0
100,25.168230295181274,1,-0.014462934234110917,-1068703.2370338433,0.04999916370086185,0.005469998344779015,3.8032572269439697,0,0
300,22.624526739120483,1,-0.07867750398198521,-1068946.9980946819,0.04999916370086185,0.005469998344779015,3.8032572269439697,0,0
500,17.732600688934326,1,-0.02215998608349835,-1068833.9242006436,0.04999916370086185,0.005469998344779015,3.8032572269439697,0,0
0,20.741823434829712,1,-1.3673311865264541,-1077684.9875014732,0.04999916370086185,0.005469998344779015,3.8032572269439697,0,0
200,19.096457719802856,1,-0.05272551947030522,-1077722.128794417,0.04999916370086185,0.005469998344779015,3.8032572269439697,0,0
0,10.904293060302734,1,-0.19329964251022763,-1078343.5918038394,0.04999916370086185,0.005469998344779015,3.8032572269439697,0,0
0,4.013821125030518,1,-0.03438967636111334,-1078309.9775343896,0.04999916370086185,0.005469998344779015,3.8032572269439697,0,0
600,16.483685970306396,1,-0.038414424959972125,-1078276.8368825726,0.04999916370086185,0.005469998344779015,3.8032572269439697,0,0
300,19.99333691596985,1,-0.06629886813658713,-1078396.8958778195,0.04999916370086185,0.005469998344779015,3.8032572269439697,0,0
200,16.05324101448059,1,-0.024450881388922947,-1078258.559499603,0.04999916370086185,0.005469998344779015,3.8032572269439697,0,0
100,6.5069499015808105,1,-0.025946629428784212,-1078216.6901787128,0.04999916370086185,0.005469998344779015,3.8032572269439697,0,0
100,19.789916515350342,1,-0.06767204644996966,-1078494.31141701,0.04999916370086185,0.005469998344779015,3.8032572269439697,0,0
200,8.521167516708374,1,-0.03318915748343062,-1078452.2708242394,0.04999916370086185,0.005469998344779015,3.8032572269439697,0,0
0,6.414575576782227,1,-1.4257376723934916,-1081271.0162117959,0.04999916370086185,0.005469998344779015,3.8032572269439697,0,0
0,7.206122636795044,1,-0.02182636268067076,-1081210.0572565845,0.04999916370086185,0.005469998344779015,3.8032572269439697,0,0
200,25.178228855133057,1,-0.04206626945538622,-1081263.1263147478,0.04999916370086185,0.005469998344779015,3.8032572269439697,0,0
200,13.462904691696167,1,-0.04959027171905361,-1081341.6137840694,0.04999916370086185,0.005469998344779015,3.8032572269439697,0,0
100,7.589474439620972,1,-0.06808743293658195,-1081455.3663830222,0.04999916370086185,0.005469998344779015,3.8032572269439697,0,0
200,31.11606502532959,1,-0.01468555164483693,-1081253.4370606942,0.04999916370086185,0.005469998344779015,3.8032572269439697,0,0
0,4.192107677459717,1,-0.03934330673879898,-1081235.4711023436,0.04999916370086185,0.005469998344779015,3.8032572269439697,0,0
0,11.02519178390503,1,-0.020568171498416204,-1081121.7830984753,0.04999916370086185,0.005469998344779015,3.8032572269439697,0,0
100,8.592557907104492,1,-0.1811092398994517,-1081482.9387352525,0.04999916370086185,0.005469998344779015,3.8032572269439697,0,0
0,12.301697254180908,1,-0.036730675073407854,-1081408.0717520076,0.04999916370086185,0.005469998344779015,3.8032572269439697,0,0
0,5.305701732635498,1,-1.5815489145923758,-1084026.3773728136,0.04999916370086185,0.005469998344779015,3.8032572269439697,0,0
100,8.914075136184692,1,-0.030282395879692794,-1083978.7604572903,0.04999916370086185,0.005469998344779015,3.8032572269439697,0,0
100,10.399367332458496,1,-0.08342626717093345,-1084098.7750425832,0.04999916370086185,0.005469998344779015,3.8032572269439697,0,0
300,26.536270141601562,1,-0.02087923346392982,-1083974.1067686167,0.04999916370086185,0.005469998344779015,3.8032572269439697,0,0
800,16.328039169311523,1,-0.15735387195068143,-1084542.0888147836,0.04999916370086185,0.005469998344779015,3.8032572269439697,0,0
100,7.749475717544556,1,-0.07713367975419325,-1084639.7303607585,0.04999916370086185,0.005469998344779015,3.8032572269439697,0,0
200,27.979960680007935,1,-0.037033954931958234,-1084488.7788053534,0.04999916370086185,0.005469998344779015,3.8032572269439697,0,0
100,10.149145603179932,1,-0.8358134587242974,-1087074.197610693,0.04999916370086185,0.005469998344779015,3.8032572269439697,0,0
0,10.07442593574524,1,-0.06602160105729617,-1087159.183403575,0.04999916370086185,0.005469998344779015,3.8032572269439697,0,0
0,9.952697992324829,1,-0.6022918143576331,-1088973.2775321985,0.04999916370086185,0.005469998344779015,3.8032572269439697,0,0
0,5.620550870895386,1,-1.410341214950227,-1091427.1641332672,0.04999916370086185,0.005469998344779015,3.8032572269439697,0,0
600,25.811357975006104,1,-0.19375947769524163,-1092762.3237784375,0.04999916370086185,0.005469998344779015,3.8032572269439697,0,0
0,16.83424401283264,1,-0.1969602023012923,-1093662.0407773526,0.04999916370086185,0.005469998344779015,3.8032572269439697,0,0
800,19.74703311920166,1,-0.03241672277139699,-1093640.1235045355,0.04999916370086185,0.005469998344779015,3.8032572269439697,0,0
100,6.852766752243042,1,-0.041098142435086936,-1093683.287274488,0.04999916370086185,0.005469998344779015,3.8032572269439697,0,0
100,3.9150702953338623,1,-0.039033015591986873,-1093705.1051477734,0.04999916370086185,0.005469998344779015,3.8032572269439697,0,0
200,18.87256169319153,1,-0.05696145905880002,-1093810.8190580213,0.04999916370086185,0.005469998344779015,3.8032572269439697,0,0
400,12.711658000946045,1,-0.037367988411647304,-1093792.5863204666,0.04999916370086185,0.005469998344779015,3.8032572269439697,0,0
0,11.224881649017334,1,-0.02636990159944334,-1093725.48326379,0.04999916370086185,0.005469998344779015,3.8032572269439697,0,0
100,13.603088855743408,1,-0.07566026613730387,-1093857.8162313774,0.04999916370086185,0.005469998344779015,3.8032572269439697,0,0
0,8.861146450042725,1,-0.1355168163078755,-1094133.8114196707,0.04999916370086185,0.005469998344779015,3.8032572269439697,0,0
200,11.43562126159668,1,-0.0914151143988335,-1094316.374150682,0.04999916370086185,0.005469998344779015,3.8032572269439697,0,0
0,10.97327446937561,1,-0.029567734033434687,-1094268.7870326063,0.04999916370086185,0.005469998344779015,3.8032572269439697,0,0
200,13.73576021194458,1,-0.012950883266359587,-1094128.9424908776,0.04999916370086185,0.005469998344779015,3.8032572269439697,0,0
100,13.6254563331604,1,-0.052361215225550525,-1094187.6955995748,0.04999916370086185,0.005469998344779015,3.8032572269439697,0,0
0,6.547220230102539,1,-0.02294382448445261,-1094160.3594974359,0.04999916370086185,0.005469998344779015,3.8032572269439697,0,0
100,13.378108501434326,1,-0.022617775586916668,-1094057.4844258346,0.04999916370086185,0.005469998344779015,3.8032572269439697,0,0
0,7.255834341049194,1,-0.027569752258026357,-1093993.4616037854,0.04999916370086185,0.005469998344779015,3.8032572269439697,0,0
100,11.501140832901001,1,-0.04347643710178924,-1093967.156392126,0.04999916370086185,0.005469998344779015,3.8032572269439697,0,0
300,14.813243389129639,1,-0.12720713240354425,-1094366.1140707056,0.04999916370086185,0.005469998344779015,3.8032572269439697,0,0
0,10.518958330154419,1,-0.3873816175945833,-1095567.9989857983,0.04999916370086185,0.005469998344779015,3.8032572269439697,0,0
100,9.828195571899414,1,-0.055947150661951536,-1095708.1254850049,0.04999916370086185,0.005469998344779015,3.8032572269439697,0,0
0,8.175205707550049,1,-0.12437214464224575,-1095894.079698529,0.04999916370086185,0.005469998344779015,3.8032572269439697,0,0
300,12.884406566619873,1,-0.023116123591958346,-1095817.2698009736,0.04999916370086185,0.005469998344779015,3.8032572269439697,0,0
300,19.529343128204346,1,-0.05629727776908897,-1095991.6484515315,0.04999916370086185,0.005469998344779015,3.8032572269439697,0,0
200,20.035093545913696,1,-0.04160385585373809,-1095993.437856268,0.04999916370086185,0.005469998344779015,3.8032572269439697,0,0
300,21.135616779327393,1,-0.027030491701035535,-1095948.6712156576,0.04999916370086185,0.005469998344779015,3.8032572269439697,0,0
200,17.842683792114258,1,-0.02963144186820477,-1095895.4187735545,0.04999916370086185,0.005469998344779015,3.8032572269439697,0,0
0,10.071346759796143,1,-0.11832486634747075,-1096091.9356923236,0.04999916370086185,0.005469998344779015,3.8032572269439697,0,0
300,11.118051767349243,1,-0.06284108301485011,-1096151.9844803708,0.04999916370086185,0.005469998344779015,3.8032572269439697,0,0
0,29.92767071723938,1,-0.038419436402622846,-1096110.995045852,0.04999916370086185,0.005469998344779015,3.8032572269439697,0,0
400,21.653053998947144,1,-0.15710255970454157,-1096800.8848883484,0.04999916370086185,0.005469998344779015,3.8032572269439697,0,0
200,14.287949323654175,1,-0.04586014393102237,-1096914.9762061313,0.04999916370086185,0.005469998344779015,3.8032572269439697,0,0
100,10.23485779762268,1,-0.013567776836113944,-1096799.8745980668,0.04999916370086185,0.005469998344779015,3.8032572269439697,0,0
100,18.29494285583496,1,-0.03928528059142823,-1096731.5293027614,0.04999916370086185,0.005469998344779015,3.8032572269439697,0,0
100,12.87861156463623,1,-0.037670258093308186,-1096673.1557499578,0.04999916370086185,0.005469998344779015,3.8032572269439697,0,0
0,10.34700608253479,1,-0.02262896208825351,-1096555.9130008477,0.04999916370086185,0.005469998344779015,3.8032572269439697,0,0
200,16.14448642730713,1,-0.024420906871217844,-1096443.9549400397,0.04999916370086185,0.005469998344779015,3.8032572269439697,0,0
100,10.313423871994019,1,-0.08442198728332016,-1096576.797245322,0.04999916370086185,0.005469998344779015,3.8032572269439697,0,0
100,31.187777042388916,1,-0.014217218025235746,-1096210.5529712804,0.04999916370086185,0.005469998344779015,3.8032572269439697,0,0
200,6.867830038070679,1,-0.4718450165129552,-1097158.4565175194,0.04999916370086185,0.005469998344779015,3.8032572269439697,0,0
0,9.935938119888306,1,-0.0139310784939376,-1097052.8696186368,0.04999916370086185,0.005469998344779015,3.8032572269439697,0,0
100,17.437076330184937,1,-0.037985749763277094,-1097033.2562513568,0.04999916370086185,0.005469998344779015,3.8032572269439697,0,0
600,20.375869512557983,1,-0.017163069053328428,-1096841.300694776,0.04999916370086185,0.005469998344779015,3.8032572269439697,0,0
0,4.345975399017334,1,-0.03857997010463393,-1096816.663366248,0.04999916370086185,0.005469998344779015,3.8032572269439697,0,0
400,18.959636688232422,1,-0.018010143878467604,-1096578.0712618215,0.04999916370086185,0.005469998344779015,3.8032572269439697,0,0
0,12.89607286453247,1,-0.051673871350778465,-1096551.0923680847,0.04999916370086185,0.005469998344779015,3.8032572269439697,0,0
0,7.242425441741943,1,-0.49655528858823095,-1097618.8371078498,0.04999916370086185,0.005469998344779015,3.8032572269439697,0,0
0,10.0482919216156,1,-0.05362175312613134,-1097629.537421639,0.04999916370086185,0.005469998344779015,3.8032572269439697,0,0
0,12.685878038406372,1,-0.017925818490882203,-1097486.644280845,0.04999916370086185,0.005469998344779015,3.8032572269439697,0,0
200,14.392483949661255,1,-0.05331165500929998,-1097524.6542426392,0.04999916370086185,0.005469998344779015,3.8032572269439697,0,0
200,10.064419031143188,1,-0.015811774016175967,-1097459.520427392,0.04999916370086185,0.005469998344779015,3.8032572269439697,0,0
200,8.570292234420776,1,-0.01882907678566779,-1097394.2524414484,0.04999916370086185,0.005469998344779015,3.8032572269439697,0,0
0,7.964781999588013,1,-0.028114755243795555,-1097333.392492281,0.04999916370086185,0.005469998344779015,3.8032572269439697,0,0
300,15.818668842315674,1,-0.02785893202580172,-1097217.521310512,0.04999916370086185,0.005469998344779015,3.8032572269439697,0,0
0,10.360802412033081,1,-0.016760710600301,-1097096.3969039437,0.04999916370086185,0.005469998344779015,3.8032572269439697,0,0
100,10.93800163269043,1,-0.022561268741215456,-1097034.8386229547,0.04999916370086185,0.005469998344779015,3.8032572269439697,0,0
300,14.752184629440308,1,-0.03450924623459909,-1096937.617060795,0.04999916370086185,0.005469998344779015,3.8032572269439697,0,0
0,7.160444498062134,1,-0.028484740131662734,-1096895.6025939342,0.04999916370086185,0.005469998344779015,3.8032572269439697,0,0
300,19.80465030670166,1,-0.02510307975377448,-1096770.3582527132,0.04999916370086185,0.005469998344779015,3.8032572269439697,0,0
100,7.2244086265563965,1,0.016094159882045798,-1096638.7167816998,0.04999916370086185,0.005469998344779015,3.8032572269439697,0,0
200,31.623801946640015,1,-0.027872899770895618,-1096420.2454353473,0.04999916370086185,0.005469998344779015,3.8032572269439697,0,0
100,31.581989288330078,1,-0.7923993053484572,-1103939.890254678,0.04999916370086185,0.005469998344779015,3.8032572269439697,0,0
0,9.36097526550293,1,0.18045074141007883,-1103353.1288728935,0.04999916370086185,0.005469998344779015,3.8032572269439697,0,0
100,6.973426342010498,1,0.20877071888962334,-1102876.2849428277,0.04999916370086185,0.005469998344779015,3.8032572269439697,0,0
100,27.15192461013794,1,0.11182823807754952,-1101777.125371853,0.04999916370086185,0.005469998344779015,3.8032572269439697,0,0
100,10.507968187332153,1,0.14164449722406347,-1101167.0975712107,0.04999916370086185,0.005469998344779015,3.8032572269439697,0,0
100,10.643267631530762,1,0.04452226422235817,-1100936.0362433502,0.04999916370086185,0.005469998344779015,3.8032572269439697,0,0
200,10.14745020866394,1,0.3555589052635969,-1099732.3581562357,0.04999916370086185,0.005469998344779015,3.8032572269439697,0,0
0,7.2271153926849365,1,0.29867024910059875,-1099001.7671881644,0.04999916370086185,0.005469998344779015,3.8032572269439697,0,0
0,8.00271224975586,1,-1.3963962521512332,-1102490.3041621263,0.04999916370086185,0.005469998344779015,3.8032572269439697,0,0
300,22.68892192840576,1,0.13488866863252696,-1101299.101699078,0.04999916370086185,0.005469998344779015,3.8032572269439697,0,0
200,8.960268020629883,1,0.2800187565256297,-1100430.8107694925,0.04999916370086185,0.005469998344779015,3.8032572269439697,0,0
0,10.346906423568726,1,0.1277933800268598,-1099865.3053569903,0.04999916370086185,0.005469998344779015,3.8032572269439697,0,0
0,15.31483769416809,1,0.05624378749763099,-1099323.8322615032,0.04999916370086185,0.005469998344779015,3.8032572269439697,0,0
200,12.38205075263977,1,0.31235061838375466,-1097971.7429973457,0.04999916370086185,0.005469998344779015,3.8032572269439697,0,0
0,7.136373996734619,1,0.1569378699531475,-1097521.164108764,0.04999916370086185,0.005469998344779015,3.8032572269439697,0,0
0,22.849515914916992,1,0.14865796619127716,-1096174.5631319175,0.04999916370086185,0.005469998344779015,3.8032572269439697,0,0
400,11.710608005523682,1,0.2853998246891776,-1094984.79282673,0.04999916370086185,0.005469998344779015,3.8032572269439697,0,0
300,7.680376052856445,1,0.2318453076184282,-1094303.6521719794,0.04999916370086185,0.005469998344779015,3.8032572269439697,0,0
200,33.58614778518677,1,-1.3769418066512573,-1108629.0963524324,0.04999916370086185,0.005469998344779015,3.8032572269439697,0,0
200,27.897051572799683,1,0.19684607359986447,-1106511.3852554956,0.04999916370086185,0.005469998344779015,3.8032572269439697,0,0
300,15.60385513305664,1,0.1517775820362998,-1105532.6716194332,0.04999916370086185,0.005469998344779015,3.8032572269439697,0,0
400,20.554638862609863,1,0.1734587739295151,-1104108.5204496097,0.04999916370086185,0.005469998344779015,3.8032572269439697,0,0
0,7.9253153800964355,1,0.16302960669806496,-1103634.9388697178,0.04999916370086185,0.005469998344779015,3.8032572269439697,0,0
100,10.358944177627563,1,0.08720262261363232,-1103204.5909234623,0.04999916370086185,0.005469998344779015,3.8032572269439697,0,0
0,10.499015808105469,1,0.24201598813505487,-1102260.6623164716,0.04999916370086185,0.005469998344779015,3.8032572269439697,0,0
0,17.52322292327881,1,0.03210571628764688,-1101776.3291512057,0.04999916370086185,0.005469998344779015,3.8032572269439697,0,0
0,7.386041164398193,1,-0.00319182494784374,-1101701.6836804657,0.04999916370086185,0.005469998344779015,3.8032572269439697,0,0
0,4.053227424621582,1,0.31372365726783336,-1101244.2169345869,0.04999916370086185,0.005469998344779015,3.8032572269439697,0,0
0,14.454654932022095,1,-1.4644246532043903,-1107812.3375259088,0.04999916370086185,0.005469998344779015,3.8032572269439697,0,0
200,16.606171369552612,1,0.17418390452592436,-1106669.9807820742,0.04999916370086185,0.005469998344779015,3.8032572269439697,0,0
0,9.670719623565674,1,0.18356034299235482,-1105981.0572335555,0.04999916370086185,0.005469998344779015,3.8032572269439697,0,0
0,5.817617416381836,1,0.252215807872382,-1105415.3202640892,0.04999916370086185,0.005469998344779015,3.8032572269439697,0,0
200,12.580845832824707,1,0.21696945337057033,-1104391.995882324,0.04999916370086185,0.005469998344779015,3.8032572269439697,0,0
300,22.869004726409912,1,0.1989964076714902,-1102553.6172810285,0.04999916370086185,0.005469998344779015,3.8032572269439697,0,0
500,23.515516757965088,1,0.17157428688898063,-1100874.205212679,0.04999916370086185,0.005469998344779015,3.8032572269439697,0,0
0,10.036626815795898,1,0.11805011897948808,-1100351.4652707656,0.04999916370086185,0.005469998344779015,3.8032572269439697,0,0
200,24.000160694122314,1,0.131918454997323,-1098940.9574691611,0.04999916370086185,0.005469998344779015,3.8032572269439697,0,0
600,26.976381063461304,1,-0.13547942499629684,-1099770.3777904422,0.04999916370086185,0.005469998344779015,3.8032572269439697,0,0
0,4.713841199874878,1,-1.4438250565192914,-1101883.8051431372,0.04999916370086185,0.005469998344779015,3.8032572269439697,0,0
200,17.26365303993225,1,0.027215409668188164,-1101533.897000997,0.04999916370086185,0.005469998344779015,3.8032572269439697,0,0
200,12.282416582107544,1,-0.029805775602048144,-1101507.6132836202,0.04999916370086185,0.005469998344779015,3.8032572269439697,0,0
100,10.954877614974976,1,-0.20252280379997037,-1102071.567310306,0.04999916370086185,0.005469998344779015,3.8032572269439697,0,0
200,30.38233971595764,1,0.04613088406527806,-1101222.38933049,0.04999916370086185,0.005469998344779015,3.8032572269439697,0,0
200,8.098677396774292,1,0.31110780612804906,-1100298.5551353353,0.04999916370086185,0.005469998344779015,3.8032572269439697,0,0
300,12.750352621078491,1,0.0966192156882373,-1099747.5863233027,0.04999916370086185,0.005469998344779015,3.8032572269439697,0,0
0,11.40784502029419,1,-0.016065095061148556,-1099613.943124466,0.04999916370086185,0.005469998344779015,3.8032572269439697,0,0
100,30.824086666107178,1,-0.1953340662063551,-1101130.7756674003,0.04999916370086185,0.005469998344779015,3.8032572269439697,0,0
500,61.17389917373657,1,-0.17105582317205584,-1103955.4177931,0.04999916370086185,0.005469998344779015,3.8032572269439697,0,0
0,10.602649450302124,1,-0.021566276286971088,-1103902.5969241306,0.04999916370086185,0.005469998344779015,3.8032572269439697,0,0
200,18.78430461883545,1,-0.1203324407162901,-1104377.250353602,0.04999916370086185,0.005469998344779015,3.8032572269439697,0,0
100,10.303420782089233,1,0.11569161509765175,-1103872.7027637123,0.04999916370086185,0.005469998344779015,3.8032572269439697,0,0
0,38.2055778503418,1,-0.07940273445805106,-1104152.321231571,0.04999916370086185,0.005469998344779015,3.8032572269439697,0,0
200,6.57485294342041,1,-0.9048349619894352,-1105992.3111944473,0.04999916370086185,0.005469998344779015,3.8032572269439697,0,0
300,8.434770107269287,1,0.17517551639568332,-1105426.6148196945,0.04999916370086185,0.005469998344779015,3.8032572269439697,0,0
900,38.60589385032654,1,-0.35729923355974297,-1109434.3279624535,0.04999916370086185,0.005469998344779015,3.8032572269439697,0,0
0,14.03674864768982,1,0.1355382583556901,-1108632.6772843234,0.04999916370086185,0.005469998344779015,3.8032572269439697,0,0
100,13.011975049972534,1,-0.04000161677772168,-1108619.1029289584,0.04999916370086185,0.005469998344779015,3.8032572269439697,0,0
500,21.935598611831665,1,0.08373251245471701,-1107688.3913294317,0.04999916370086185,0.005469998344779015,3.8032572269439697,0,0
100,8.016104221343994,1,-0.2705342133066814,-1108273.715026621,0.04999916370086185,0.005469998344779015,3.8032572269439697,0,0
500,17.66341471672058,1,0.1652113991069334,-1107082.7955794283,0.04999916370086185,0.005469998344779015,3.8032572269439697,0,0
600,33.15778565406799,1,-0.20796683352723222,-1108987.6502380185,0.04999916370086185,0.005469998344779015,3.8032572269439697,0,0
200,22.37703037261963,1,-0.6525255669141636,-1113062.7864298979,0.04999916370086185,0.005469998344779015,3.8032572269439697,0,0
200,40.23686480522156,1,0.04887142567933587,-1111972.9844553745,0.04999916370086185,0.005469998344779015,3.8032572269439697,0,0
0,16.25242519378662,1,-0.035047777621680015,-1111892.4191165809,0.04999916370086185,0.005469998344779015,3.8032572269439697,0,0
100,25.214065313339233,1,-0.19050036115711677,-1112957.0131309002,0.04999916370086185,0.005469998344779015,3.8032572269439697,0,0
100,16.119753122329712,1,-0.2123137338774245,-1113808.8783628582,0.04999916370086185,0.005469998344779015,3.8032572269439697,0,0
0,33.86751580238342,1,-0.45658622774049384,-1118169.255206588,0.04999916370086185,0.005469998344779015,3.8032572269439697,0,0
0,4.699783802032471,1,0.05412008467690938,-1118035.7527412826,0.04999916370086185,0.005469998344779015,3.8032572269439697,0,0
100,16.869735956192017,1,-0.30750062679187534,-1119471.466300301,0.04999916370086185,0.005469998344779015,3.8032572269439697,0,0
400,29.686401844024658,1,-0.24038403352797197,-1121403.5115602897,0.04999916370086185,0.005469998344779015,3.8032572269439697,0,0
100,26.11286473274231,1,-0.29038228793117205,-1123518.1065443398,0.04999916370086185,0.005469998344779015,3.8032572269439697,0,0
400,18.47534155845642,1,-0.2203713623704517,-1124505.357272886,0.04999916370086185,0.005469998344779015,3.8032572269439697,0,0
400,11.932000875473022,1,0.13895600040008282,-1123815.5891122643,0.04999916370086185,0.005469998344779015,3.8032572269439697,0,0
0,12.986953258514404,1,-0.08015186082173213,-1123909.517463124,0.04999916370086185,0.005469998344779015,3.8032572269439697,0,0
200,10.717192649841309,1,-0.04866082485990458,-1123948.1645094943,0.04999916370086185,0.005469998344779015,3.8032572269439697,0,0
600,39.91116142272949,1,-0.0008123355797766593,-1123288.4402140316,0.04999916370086185,0.005469998344779015,3.8032572269439697,0,0
800,31.908350229263306,1,0.019194305498237335,-1122629.1320049316,0.04999916370086185,0.005469998344779015,3.8032572269439697,0,0
400,12.079502820968628,1,-0.1545736836653901,-1123050.5763575442,0.04999916370086185,0.005469998344779015,3.8032572269439697,0,0
0,10.748828649520874,1,0.05901869966428346,-1122704.7922928617,0.04999916370086185,0.005469998344779015,3.8032572269439697,0,0
0,11.698078632354736,1,0.07667662318634605,-1122275.4023442485,0.04999916370086185,0.005469998344779015,3.8032572269439697,0,0
0,14.897063970565796,1,-0.3194705688628462,-1123609.8476660226,0.04999916370086185,0.005469998344779015,3.8032572269439697,0,0
100,16.434096813201904,1,-0.041356014129940256,-1123579.7850165176,0.04999916370086185,0.005469998344779015,3.8032572269439697,0,0
200,39.11413836479187,1,0.013660908529261415,-1122903.3771163207,0.04999916370086185,0.005469998344779015,3.8032572269439697,0,0
800,34.673779010772705,1,0.18524202866246114,-1120432.1383944678,0.04999916370086185,0.005469998344779015,3.8032572269439697,0,0
400,19.428809881210327,1,0.016108215624151604,-1120004.4384139064,0.04999916370086185,0.005469998344779015,3.8032572269439697,0,0
100,6.28115701675415,1,0.13440525632301775,-1119635.3536497967,0.04999916370086185,0.005469998344779015,3.8032572269439697,0,0
300,37.439987897872925,1,-0.1552703652140869,-1121101.5891778155,0.04999916370086185,0.005469998344779015,3.8032572269439697,0,0
900,20.670368432998657,1,0.016295966592094244,-1120703.141534164,0.04999916370086185,0.005469998344779015,3.8032572269439697,0,0
200,11.10432505607605,1,-0.0785147023359684,-1120826.5691949767,0.04999916370086185,0.005469998344779015,3.8032572269439697,0,0
0,37.58836388587952,1,-0.12397941004539695,-1121718.1807775928,0.04999916370086185,0.005469998344779015,3.8032572269439697,0,0
0,8.061410665512085,1,0.04567021992293137,-1121453.3448351747,0.04999916370086185,0.005469998344779015,3.8032572269439697,0,0
400,33.572818756103516,1,-0.08233554464150257,-1121725.7221422975,0.04999916370086185,0.005469998344779015,3.8032572269439697,0,0
300,58.57701349258423,1,-0.01789136010694918,-1121368.8713837666,0.04999916370086185,0.005469998344779015,3.8032572269439697,0,0
800,34.22010564804077,1,0.07225329429362203,-1120124.9722937492,0.04999916370086185,0.005469998344779015,3.8032572269439697,0,0
200,18.567569732666016,1,-0.2295462171748275,-1121174.2654841482,0.04999916370086185,0.005469998344779015,3.8032572269439697,0,0
200,12.373124122619629,1,0.04733119141832253,-1120841.3367792114,0.04999916370086185,0.005469998344779015,3.8032572269439697,0,0
0,11.839627265930176,1,-0.22962473189328342,-1121569.7451415197,0.04999916370086185,0.005469998344779015,3.8032572269439697,0,0
800,25.277567863464355,1,-0.04985840661737601,-1121783.0576126212,0.04999916370086185,0.005469998344779015,3.8032572269439697,0,0
0,8.083134889602661,1,-0.8808446393009901,-1123986.453232316,0.04999916370086185,0.005469998344779015,3.8032572269439697,0,0
400,14.373321294784546,1,-0.18393852957219817,-1124598.914725072,0.04999916370086185,0.005469998344779015,3.8032572269439697,0,0
200,10.460125923156738,1,-0.4384583608079538,-1125929.774067792,0.04999916370086185,0.005469998344779015,3.8032572269439697,0,0
300,11.826675176620483,1,0.09265087796522196,-1125403.3522682786,0.04999916370086185,0.005469998344779015,3.8032572269439697,0,0
500,29.970404148101807,1,0.18998875437821913,-1123159.402938312,0.04999916370086185,0.005469998344779015,3.8032572269439697,0,0
100,14.029319047927856,1,-0.14832198363957408,-1123541.2163147067,0.04999916370086185,0.005469998344779015,3.8032572269439697,0,0
500,17.07135820388794,1,-0.015982398615520338,-1123417.626650541,0.04999916370086185,0.005469998344779015,3.8032572269439697,0,0
100,7.536491394042969,1,0.1432635705621764,-1123005.0908309044,0.04999916370086185,0.005469998344779015,3.8032572269439697,0,0
0,4.6847686767578125,1,-0.037608686743255015,-1122988.0330436388,0.04999916370086185,0.005469998344779015,3.8032572269439697,0,0
200,13.887733936309814,1,-0.05136643180687846,-1122998.7819310692,0.04999916370086185,0.005469998344779015,3.8032572269439697,0,0
200,11.643554449081421,1,-0.44725776702459574,-1124409.8463483057,0.04999916370086185,0.005469998344779015,3.8032572269439697,0,0
300,20.96746850013733,1,0.08940432842242473,-1123514.3322793024,0.04999916370086185,0.005469998344779015,3.8032572269439697,0,0
0,17.27783966064453,1,0.011537175463872094,-1123237.286988665,0.04999916370086185,0.005469998344779015,3.8032572269439697,0,0
500,18.781473636627197,1,0.036523603040244185,-1122793.1106790192,0.04999916370086185,0.005469998344779015,3.8032572269439697,0,0
500,15.24469256401062,1,-0.026274643528402284,-1122669.9604170322,0.04999916370086185,0.005469998344779015,3.8032572269439697,0,0
200,11.903810739517212,1,-0.13368318733249251,-1123022.1939676153,0.04999916370086185,0.005469998344779015,3.8032572269439697,0,0
500,40.46358561515808,1,-0.2925435824832535,-1126248.2639949534,0.04999916370086185,0.005469998344779015,3.8032572269439697,0,0
600,14.029988050460815,1,-0.423717267070703,-1127972.8685568098,0.04999916370086185,0.005469998344779015,3.8032572269439697,0,0
800,21.77374529838562,1,-0.26178919943931706,-1129517.1619266197,0.04999916370086185,0.005469998344779015,3.8032572269439697,0,0
800,38.49933314323425,1,-0.1351971708103133,-1130522.765417866,0.04999916370086185,0.005469998344779015,3.8032572269439697,0,0
100,9.789141416549683,1,-0.02270616066769449,-1130447.4280857837,0.04999916370086185,0.005469998344779015,3.8032572269439697,0,0
200,18.079071760177612,1,-0.24457186958998264,-1131562.4857614334,0.04999916370086185,0.005469998344779015,3.8032572269439697,0,0
500,23.3288893699646,1,-0.21537152613727611,-1132791.963997217,0.04999916370086185,0.005469998344779015,3.8032572269439697,0,0
0,25.07863688468933,1,-0.06888485966519012,-1132939.6513238456,0.04999916370086185,0.005469998344779015,3.8032572269439697,0,0
0,10.580476760864258,1,-0.05153329561448281,-1132949.9128888762,0.04999916370086185,0.005469998344779015,3.8032572269439697,0,0
100,9.767333745956421,1,0.0012877384539885625,-1132795.9010999843,0.04999916370086185,0.005469998344779015,3.8032572269439697,0,0
200,19.405025720596313,1,0.10292031305717188,-1131847.769018253,0.04999916370086185,0.005469998344779015,3.8032572269439697,0,0
0,14.93805456161499,1,-0.0062965950202548,-1131616.5977086138,0.04999916370086185,0.005469998344779015,3.8032572269439697,0,0
300,24.694255590438843,1,0.00506894353950156,-1131215.065510065,0.04999916370086185,0.005469998344779015,3.8032572269439697,0,0
200,29.325769662857056,1,0.02478848823066977,-1130761.4841675,0.04999916370086185,0.005469998344779015,3.8032572269439697,0,0
400,25.054919719696045,1,-0.4046719973517148,-1133742.9712089822,0.04999916370086185,0.005469998344779015,3.8032572269439697,0,0
600,31.753362894058228,1,0.14001451305346047,-1131947.5446419823,0.04999916370086185,0.005469998344779015,3.8032572269439697,0,0
200,19.747323274612427,1,0.09864189353986035,-1131034.8054970333,0.04999916370086185,0.005469998344779015,3.8032572269439697,0,0
300,19.907634258270264,1,0.12235436130808389,-1129981.428863451,0.04999916370086185,0.005469998344779015,3.8032572269439697,0,0
500,22.051748991012573,1,0.06899122078480825,-1129110.992670914,0.04999916370086185,0.005469998344779015,3.8032572269439697,0,0
500,27.48404359817505,1,0.11816716494323963,-1127614.7044762948,0.04999916370086185,0.005469998344779015,3.8032572269439697,0,0
300,28.26942801475525,1,0.17323795553590404,-1125564.454439411,0.04999916370086185,0.005469998344779015,3.8032572269439697,0,0
300,27.94931435585022,1,0.13839315559188778,-1123970.308475922,0.04999916370086185,0.005469998344779015,3.8032572269439697,0,0
400,39.113057374954224,1,0.22169406136319877,-1120599.857905375,0.04999916370086185,0.005469998344779015,3.8032572269439697,0,0
200,14.084504127502441,1,0.05537551736547029,-1120143.2946328202,0.04999916370086185,0.005469998344779015,3.8032572269439697,0,0
100,7.404489517211914,1,-1.5031023815121969,-1123595.1108355254,0.04999916370086185,0.005469998344779015,3.8032572269439697,0,0
300,51.620280504226685,1,0.010428269768312808,-1122875.3152725918,0.04999916370086185,0.005469998344779015,3.8032572269439697,0,0
1000,46.076529026031494,1,0.1683909335633829,-1120081.74480905,0.04999916370086185,0.005469998344779015,3.8032572269439697,0,0
100,13.204630613327026,1,0.21194046622160087,-1119038.794429953,0.04999916370086185,0.005469998344779015,3.8032572269439697,0,0
500,25.183587789535522,1,0.17987379253357824,-1117401.2206692423,0.04999916370086185,0.005469998344779015,3.8032572269439697,0,0
300,32.35018348693848,1,0.007798693276840815,-1116976.3845193358,0.04999916370086185,0.005469998344779015,3.8032572269439697,0,0
400,16.60862135887146,1,0.0885047649444868,-1116422.9573233218,0.04999916370086185,0.005469998344779015,3.8032572269439697,0,0
300,14.941604137420654,1,0.08238387177190837,-1115933.7518166609,0.04999916370086185,0.005469998344779015,3.8032572269439697,0,0
1200,44.80543351173401,1,0.032475350273086304,-1115001.1267974002,0.04999916370086185,0.005469998344779015,3.8032572269439697,0,0
600,30.74376606941223,1,0.1626616225145755,-1113100.9235691386,0.04999916370086185,0.005469998344779015,3.8032572269439697,0,0
200,17.549676418304443,1,0.19507193181207846,-1111875.5721739144,0.04999916370086185,0.005469998344779015,3.8032572269439697,0,0
300,51.97936296463013,1,0.23977414561740854,-1107403.3369939537,0.04999916370086185,0.005469998344779015,3.8032572269439697,0,0
0,16.155975818634033,1,0.16009273806750443,-1106389.373561507,0.04999916370086185,0.005469998344779015,3.8032572269439697,0,0
300,21.511078357696533,1,-0.0268649140497812,-1106320.214162609,0.04999916370086185,0.005469998344779015,3.8032572269439697,0,0
600,24.03857660293579,1,0.07677731293231983,-1105370.5745379939,0.04999916370086185,0.005469998344779015,3.8032572269439697,0,0
200,14.089462995529175,1,0.13411212749910395,-1104504.2872789633,0.04999916370086185,0.005469998344779015,3.8032572269439697,0,0
200,57.84795522689819,1,0.056737805691780524,-1102767.351449452,0.04999916370086185,0.005469998344779015,3.8032572269439697,0,0
200,11.357882499694824,1,-0.047731565246988635,-1102814.6424491194,0.04999916370086185,0.005469998344779015,3.8032572269439697,0,0
300,25.72293210029602,1,0.05057187416823888,-1102088.178437716,0.04999916370086185,0.005469998344779015,3.8032572269439697,0,0
200,12.999855041503906,1,0.13020222323306255,-1101356.4474159016,0.04999916370086185,0.005469998344779015,3.8032572269439697,0,0
0,1.630021333694458,1,-0.4451143837551145,-1101548.2350218876,0.04999916370086185,0.005469998344779015,3.8032572269439697,0,0
500,43.32430076599121,1,-0.4385248588360554,-1107165.3415626392,0.04999916370086185,0.005469998344779015,3.8032572269439697,0,0
100,6.8768463134765625,1,0.05638997146439124,-1106955.2486748016,0.04999916370086185,0.005469998344779015,3.8032572269439697,0,0
300,28.854734420776367,1,-0.033317742392205044,-1106833.7981349211,0.04999916370086185,0.005469998344779015,3.8032572269439697,0,0
800,28.51697087287903,1,0.11267593654963219,-1105388.007574486,0.04999916370086185,0.005469998344779015,3.8032572269439697,0,0
600,11.96769118309021,1,0.11719116256954108,-1104776.2541959337,0.04999916370086185,0.005469998344779015,3.8032572269439697,0,0
300,16.713006019592285,1,-0.16171338795379953,-1105363.2939663616,0.04999916370086185,0.005469998344779015,3.8032572269439697,0,0
400,13.825949668884277,1,0.12240276463001587,-1104589.4916264692,0.04999916370086185,0.005469998344779015,3.8032572269439697,0,0
200,17.486999034881592,1,0.23184232996815285,-1103044.5696984325,0.04999916370086185,0.005469998344779015,3.8032572269439697,0,0
100,15.500434160232544,1,-0.0802907147902117,-1103276.3858166153,0.04999916370086185,0.005469998344779015,3.8032572269439697,0,0
0,14.5759916305542,1,0.0545836041224819,-1102837.858251864,0.04999916370086185,0.005469998344779015,3.8032572269439697,0,0
0,43.954599142074585,1,0.02613177091371678,-1101897.3622255174,0.04999916370086185,0.005469998344779015,3.8032572269439697,0,0
200,19.589775800704956,1,0.046397700832019925,-1101342.1118188347,0.04999916370086185,0.005469998344779015,3.8032572269439697,0,0
100,29.881710052490234,1,0.05062210648672579,-1100617.6546197445,0.04999916370086185,0.005469998344779015,3.8032572269439697,0,0
200,9.870084047317505,1,0.12776960650623093,-1100138.8851194875,0.04999916370086185,0.005469998344779015,3.8032572269439697,0,0
200,10.147377967834473,1,0.21785142104966285,-1099364.5389110602,0.04999916370086185,0.005469998344779015,3.8032572269439697,0,0
200,11.981201648712158,1,0.2979614116504989,-1098232.0604779397,0.04999916370086185,0.005469998344779015,3.8032572269439697,0,0
100,11.297648906707764,1,0.2076844410196976,-1097502.3785113024,0.04999916370086185,0.005469998344779015,3.8032572269439697,0,0
400,6.316541433334351,1,-0.059453357398513755,-1097562.4635702937,0.04999916370086185,0.005469998344779015,3.8032572269439697,0,0
500,20.879706382751465,1,-0.44594740566482544,-1100329.8341941077,0.04999916370086185,0.005469998344779015,3.8032572269439697,0,0
100,28.933884143829346,1,-0.9085023720721399,-1108336.5071748681,0.04999916370086185,0.005469998344779015,3.8032572269439697,0,0
600,40.43737530708313,1,-0.29243273509743295,-1111816.860001722,0.04999916370086185,0.005469998344779015,3.8032572269439697,0,0
0,25.09520959854126,1,-0.09648032779738425,-1112277.448020805,0.04999916370086185,0.005469998344779015,3.8032572269439697,0,0
100,19.940640449523926,1,-0.04543531694991081,-1112337.3482978072,0.04999916370086185,0.005469998344779015,3.8032572269439697,0,0
500,32.788591623306274,1,-0.23667249719686434,-1114500.6263696046,0.04999916370086185,0.005469998344779015,3.8032572269439697,0,0
700,17.52704381942749,1,-0.05115025170763205,-1114564.2401088069,0.04999916370086185,0.005469998344779015,3.8032572269439697,0,0
600,30.654856204986572,1,0.05301290303358576,-1113739.9721556082,0.04999916370086185,0.005469998344779015,3.8032572269439697,0,0
100,20.638144969940186,1,-0.4731835898118305,-1116549.8350787498,0.04999916370086185,0.005469998344779015,3.8032572269439697,0,0
400,10.116750240325928,1,-0.31096486665845946,-1117440.9347453315,0.04999916370086185,0.005469998344779015,3.8032572269439697,0,0
700,47.200101137161255,1,-0.21456367408051302,-1120134.7764734325,0.04999916370086185,0.005469998344779015,3.8032572269439697,0,0
800,63.50740647315979,1,-0.3251930173488053,-1126076.265689679,0.04999916370086185,0.005469998344779015,3.8032572269439697,0,0
900,2.6995062828063965,1,-0.28006590109774476,-1126306.8742530108,0.04999916370086185,0.005469998344779015,3.8032572269439697,0,0
0,25.969684600830078,1,-0.2077636476374571,-1127795.136765551,0.04999916370086185,0.005469998344779015,3.8032572269439697,0,0
500,22.84186363220215,1,-0.11338993880874036,-1128415.1339449286,0.04999916370086185,0.005469998344779015,3.8032572269439697,0,0
0,11.025528907775879,1,-0.4540263817997482,-1129835.3908635445,0.04999916370086185,0.005469998344779015,3.8032572269439697,0,0
300,12.186049938201904,1,-0.33953182892498135,-1130982.5696919414,0.04999916370086185,0.005469998344779015,3.8032572269439697,0,0
0,25.403693914413452,1,-0.16567952801069336,-1132032.436274107,0.04999916370086185,0.005469998344779015,3.8032572269439697,0,0
300,12.424549579620361,1,0.08275958379809986,-1131595.22748639,0.04999916370086185,0.005469998344779015,3.8032572269439697,0,0
600,15.579144716262817,1,-0.09988819905353011,-1131887.521925653,0.04999916370086185,0.005469998344779015,3.8032572269439697,0,0
300,11.221164464950562,1,0.15771433750571037,-1131176.0885529867,0.04999916370086185,0.005469998344779015,3.8032572269439697,0,0
0,11.043774366378784,1,-1.2163086931917042,-1135170.4328361556,0.04999916370086185,0.005469998344779015,3.8032572269439697,0,0
200,12.536560535430908,1,-0.4975185125901347,-1137030.2303259482,0.04999916370086185,0.005469998344779015,3.8032572269439697,0,0
0,14.113677978515625,1,-0.8977197344206053,-1140734.3782394591,0.04999916370086185,0.005469998344779015,3.8032572269439697,0,0
100,12.901381492614746,1,-0.8009400515432777,-1143773.8619427383,0.04999916370086185,0.005469998344779015,3.8032572269439697,0,0
0,18.36383557319641,1,-0.7254553143181406,-1147506.7831930486,0.04999916370086185,0.005469998344779015,3.8032572269439697,0,0
500,15.58712124824524,1,-0.9013533602100868,-1151671.6471703488,0.04999916370086185,0.005469998344779015,3.8032572269439697,0,0
100,13.738771438598633,1,-0.6113551993931217,-1153999.7971277435,0.04999916370086185,0.005469998344779015,3.8032572269439697,0,0
0,11.321624279022217,1,-0.700369057359761,-1156350.4493908272,0.04999916370086185,0.005469998344779015,3.8032572269439697,0,0
0,14.91201376914978,1,-0.7562976970399443,-1159616.0601581205,0.04999916370086185,0.005469998344779015,3.8032572269439697,0,0
0,20.525917530059814,1,-0.7036362463928805,-1163712.9518569943,0.04999916370086185,0.005469998344779015,3.8032572269439697,0,0
100,18.995917081832886,1,-0.7516424292230808,-1167768.4986050066,0.04999916370086185,0.005469998344779015,3.8032572269439697,0,0
200,16.871293306350708,1,-0.6920037258930498,-1171205.205099937,0.04999916370086185,0.005469998344779015,3.8032572269439697,0,0
0,11.488488912582397,1,-1.080675592212983,-1174905.52817447,0.04999916370086185,0.005469998344779015,3.8032572269439697,0,0
0,17.702986478805542,1,-0.4485928598798085,-1177021.7561373308,0.04999916370086185,0.005469998344779015,3.8032572269439697,0,0
0,16.787185192108154,1,-0.5040030384657688,-1179401.1706798815,0.04999916370086185,0.005469998344779015,3.8032572269439697,0,0
400,17.854549646377563,1,-0.24825337370247869,-1180506.6699782675,0.04999916370086185,0.005469998344779015,3.8032572269439697,0,0
200,17.150017261505127,1,-0.4453246115836618,-1182564.075903603,0.04999916370086185,0.005469998344779015,3.8032572269439697,0,0
100,17.15781283378601,1,-0.6463111354054731,-1185748.1980658486,0.04999916370086185,0.005469998344779015,3.8032572269439697,0,0
0,16.312288284301758,1,-0.8973875570209199,-1190067.937224509,0.04999916370086185,0.005469998344779015,3.8032572269439697,0,0
100,10.637392044067383,1,-0.9084630261569155,-1192973.7482667873,0.04999916370086185,0.005469998344779015,3.8032572269439697,0,0
0,9.929729223251343,1,-1.0848939749977198,-1196250.3156651554,0.04999916370086185,0.005469998344779015,3.8032572269439697,0,0
0,10.115017890930176,1,-0.7931348535664636,-1198676.9431704604,0.04999916370086185,0.005469998344779015,3.8032572269439697,0,0
0,16.78788447380066,1,-0.8155217013299886,-1202679.9812477902,0.04999916370086185,0.005469998344779015,3.8032572269439697,0,0
600,19.821953773498535,1,-0.6908227576375603,-1206559.4877136897,0.04999916370086185,0.005469998344779015,3.8032572269439697,0,0
0,13.3560791015625,1,-0.9085069824708061,-1210055.1579986566,0.04999916370086185,0.005469998344779015,3.8032572269439697,0,0
0,20.18067455291748,1,-0.47603054014997165,-1212608.7282692988,0.04999916370086185,0.005469998344779015,3.8032572269439697,0,0
0,11.952952861785889,1,-0.9943231153656443,-1216103.467023409,0.04999916370086185,0.005469998344779015,3.8032572269439697,0,0
0,11.752400875091553,1,-0.818489053482904,-1218928.6165463738,0.04999916370086185,0.005469998344779015,3.8032572269439697,0,0
300,15.673131227493286,1,-0.8209153255159929,-1222567.5415875327,0.04999916370086185,0.005469998344779015,3.8032572269439697,0,0
200,18.125858306884766,1,-0.28623146033063557,-1223899.2372120873,0.04999916370086185,0.005469998344779015,3.8032572269439697,0,0
0,9.037121534347534,1,-1.0314007090202957,-1226684.4297781666,0.04999916370086185,0.005469998344779015,3.8032572269439697,0,0
100,13.258977890014648,1,-0.11400109113030463,-1226963.8234411434,0.04999916370086185,0.005469998344779015,3.8032572269439697,0,0
500,14.543619632720947,1,-0.07111867900337018,-1227088.4814648123,0.04999916370086185,0.005469998344779015,3.8032572269439697,0,0
0,17.03170156478882,1,-0.3598284739299739,-1228733.8203494097,0.04999916370086185,0.005469998344779015,3.8032572269439697,0,0
200,10.988718271255493,1,-0.05570680956109107,-1228834.1918647643,0.04999916370086185,0.005469998344779015,3.8032572269439697,0,0
300,12.864394903182983,1,-0.34408797402425695,-1230080.719848568,0.04999916370086185,0.005469998344779015,3.8032572269439697,1,0
400,16.927115440368652,1,-0.17011774762005752,-1230692.6009924784,0.04999916370086185,0.005469998344779015,3.8032572269439697,1,0
0,17.13939094543457,1,-0.056466686967594465,-1230854.5551587616,0.04999916370086185,0.005469998344779015,3.8032572269439697,0,0
200,18.10364007949829,1,-0.3721959919758117,-1232584.8852330477,0.04999916370086185,0.005469998344779015,3.8032572269439697,0,0
100,14.744439601898193,1,-0.4774082732161739,-1234476.8331335103,0.04999916370086185,0.005469998344779015,3.8032572269439697,0,0
0,16.60782504081726,1,-0.40668510734257546,-1236268.4179659004,0.04999916370086185,0.005469998344779015,3.8032572269439697,0,0
100,14.51954197883606,1,-0.24306299624385164,-1237187.8252517162,0.04999916370086185,0.005469998344779015,3.8032572269439697,0,0
0,20.39563298225403,1,-0.286181960677899,-1238716.4175003981,0.04999916370086185,0.005469998344779015,3.8032572269439697,0,0
200,16.462371826171875,1,-0.12642573583419509,-1239147.050665244,0.04999916370086185,0.005469998344779015,3.8032572269439697,0,0
300,18.463967084884644,1,-0.16427153500306282,-1239751.6389914711,0.04999916370086185,0.005469998344779015,3.8032572269439697,0,0
200,17.182562828063965,1,-0.1344127996158662,-1240205.478587878,0.04999916370086185,0.005469998344779015,3.8032572269439697,0,0
300,17.610870599746704,1,-0.12443465639443763,-1240653.962779608,0.04999916370086185,0.005469998344779015,3.8032572269439697,0,0
100,16.490703105926514,1,-0.0024744091656168266,-1240398.401056311,0.04999916370086185,0.005469998344779015,3.8032572269439697,0,0
100,15.091015338897705,1,-0.17398990133173253,-1240911.0523604418,0.04999916370086185,0.005469998344779015,3.8032572269439697,0,0
500,18.861780881881714,1,-0.20446136152038052,-1241879.0234822885,0.04999916370086185,0.005469998344779015,3.8032572269439697,0,0
300,18.398298263549805,1,-0.3406639385742211,-1243539.8301526436,0.04999916370086185,0.005469998344779015,3.8032572269439697,0,0
400,16.502204179763794,1,-0.21899820493785008,-1244402.9519575778,0.04999916370086185,0.005469998344779015,3.8032572269439697,0,0
200,15.69383692741394,1,-0.27939002390608075,-1245513.4389015813,0.04999916370086185,0.005469998344779015,3.8032572269439697,1,0
200,19.33164620399475,1,-0.5612735556718318,-1248544.7710882323,0.04999916370086185,0.005469998344779015,3.8032572269439697,0,0
600,25.597499132156372,1,-0.5168877915506866,-1252242.0667779113,0.04999916370086185,0.005469998344779015,3.8032572269439697,0,0
0,11.791863918304443,1,-0.04058556245505592,-1252276.0458424161,0.04999916370086185,0.005469998344779015,3.8032572269439697,0,0
200,16.328200578689575,1,-0.12601652925304216,-1252762.2179816572,0.04999916370086185,0.005469998344779015,3.8032572269439697,0,0
200,15.345170497894287,1,-0.22069045102974497,-1253531.5878708137,0.04999916370086185,0.005469998344779015,3.8032572269439697,0,0
600,20.60663866996765,1,-0.12986326364491166,-1254113.7250225265,0.04999916370086185,0.005469998344779015,3.8032572269439697,0,0
100,14.630970001220703,1,-0.4340291123562179,-1255803.5394010544,0.04999916370086185,0.005469998344779015,3.8032572269439697,0,0
200,18.565574884414673,1,-0.5970980969069114,-1258909.0827053855,0.04999916370086185,0.005469998344779015,3.8032572269439697,0,0
200,16.87539768218994,1,-0.6107209127247228,-1261839.6783848596,0.04999916370086185,0.005469998344779015,3.8032572269439697,0,0
100,13.477248191833496,1,-0.42984262143972063,-1263445.8371164845,0.04999916370086185,0.005469998344779015,3.8032572269439697,0,0
300,25.8410325050354,1,-0.11443208636385384,-1263823.4191266357,0.04999916370086185,0.005469998344779015,3.8032572269439697,0,0
100,18.006880044937134,1,-0.18339983713899483,-1264570.8042707555,0.04999916370086185,0.005469998344779015,3.8032572269439697,0,0
100,21.182393550872803,1,-0.40129509663912266,-1266822.3215789604,0.04999916370086185,0.005469998344779015,3.8032572269439697,0,0
400,14.328969717025757,1,-0.10878632863727902,-1267083.0717482565,0.04999916370086185,0.005469998344779015,3.8032572269439697,0,0
100,14.931166172027588,1,-0.026818033526874622,-1267027.674248959,0.04999916370086185,0.005469998344779015,3.8032572269439697,0,0
100,16.394317388534546,1,-0.11733883958650225,-1267382.524427379,0.04999916370086185,0.005469998344779015,3.8032572269439697,0,0
0,14.19975471496582,1,-0.030123553081194923,-1267343.0724692517,0.04999916370086185,0.005469998344779015,3.8032572269439697,0,0
